mlfb,fw,status,note
6DL1133-6EW00-0PH1,,listed,4.1 AI | AI-DI 16/DQ 16x24VDC HART HA
6DL1134-6GH00-0PH1,,listed,4.1 AI | AI 16xI 2-wire HA
6DL1134-6TH00-0PH1,,listed,4.1 AI | AI 16xI 2-wire HART HA
6DL1134-6JH00-0PH1,,listed,4.1 AI | AI 16xTC/8xRTD 2-/3-/4- wire HA
6DL1134-6AF00-0PH1,,listed,4.1 AI | AI 8xU/I/TC/4xRTD 2-/3-/4- wire HA
6DL1134-6UD00-0PK0,,listed,4.1 AI | AI 4xI 2-/4-wire HART ISOL HA
6DL1134-6JD00-0HX1,,listed,4.1 AI | Ex-AI 4xTC/2xRTD 2-/3-/4- wire
6DL1134-6TB00-0HX1,,listed,4.1 AI | Ex-AI 2xI 2-wire HART
6DL1136-6AA00-0PH1,,listed,4.1 AI | F-AI 8xI 2-/4-wire HART HA
6DL1135-6TF00-0PH1,,listed,4.2 AQ | AQ 8xI HART HA
6DL1135-6UD00-0PK0,,listed,4.2 AQ | AQ 4xI HART ISOL HA
6DL1135-6TB00-0HX1,,listed,4.2 AQ | Ex-AQ 2xI HART
6DL1133-6CH00-0PH1,,listed,4.3 CIO | CIO 16x 2wire HART HA
6DL1131-6BL00-0PH1,,listed,4.4 DI | DI 32x24VDC HA
6DL1131-6BH00-0PH1,,listed,4.4 DI | DI 16x24VDC HA
6DL1131-6BH60-0PH1,,listed,4.4 DI | DI 16x24VDC NPN HA
6DL1131-6TH00-0PH1,,listed,4.4 DI | DI 16xNAMUR HA
6DL1131-6GF00-0PK0,,listed,4.4 DI | DI 8x230VAC HA
6DL1131-6DF00-0PK0,,listed,4.4 DI | DI 8x24..125VDC HA
6DL1131-6TD00-0HX1,,listed,4.4 DI | Ex-DI 4xNAMUR
6DL1136-6BA00-0PH1,,listed,4.4 DI | F-DI 16x24VDC HA
6DL1136-6TH00-0PH1,,listed,4.4 DI | F-DI 16xNAMUR HA
6DL1132-6BL00-0PH1,,listed,4.5 DQ | DQ 32x24VDC/0.5A HA
6DL1132-6BH00-0PH1,,listed,4.5 DQ | DQ 16x24VDC/0.5A HA
6DL1132-6FF00-0PK0,,listed,4.5 DQ | DQ 8x24V-230VAC/2A HA
6DL1132-6BF20-0PK0,,listed,4.5 DQ | DQ 8x24VDC/2A HA
6DL1132-6HD50-0PK0,,listed,4.5 DQ | RQ 4x120VDC-230VAC/5A CO HA
6DL1132-6CB00-0HX1,,listed,4.5 DQ | Ex-DQ 2x17.4VDC/27mA
6DL1132-6EB00-0HX1,,listed,4.5 DQ | Ex-DQ 2x23.1VDC/20mA
6DL1136-6DA00-0PH1,,listed,4.5 DQ | F-DQ 10x24VDC/2A PP HA
6DL1155-6AU00-0PM0,,listed,4.6 IM | ET 200SP HA- IM155-6 PN
6DL1133-6PX00-0HW0,,listed,4.7 PM | Ex-PM E
6DL1138-6EA00-0EH1,,listed,4.8 TM | Fast Multi IO & Counter
6DL1138-6EC00-0EH1,,listed,4.8 TM | Vibration protection
6DL1193-6AR00-0AA0,,listed,4.9 BusAdapter | BA 2xRJ45
6DL1193-6AF00-0AA0,,listed,4.9 BusAdapter | BA 2xFC
6DL1193-6AG00-0AA0,,listed,4.9 BusAdapter | BA 2xLC
6GK5991-2VA00-8AA2,,listed,4.9 BusAdapter | BA 2xRJ45VD
6DL1193-6AG40-0AA0,,listed,4.9 BusAdapter | BA LC/FC
6DL1193-6AG20-0AA0,,listed,4.9 BusAdapter | BA LC/RJ45
6ES7193-6AG50-0AA0,,listed,4.9 BusAdapter | BA 2xLC-LD
6ES7193-6AG60-0AA0,,listed,4.9 BusAdapter | BA LC-LD/RJ45
6ES7134-6PA20-0BD0,,discontinued 10/22,4.10 SP modules | AI Energy Meter 480VAC ST
6ES7134-6PA01-0CU0,,listed,4.10 SP modules | AI Energy Meter CT HF
6ES7134-6PA21-0CU0,,listed,4.10 SP modules | AI Energy Meter RC HF
6ES7137-6AA00-0BA0,,discontinued 10/22,4.10 SP modules | CM PtP
6ES7137-6AA01-0BA0,,listed,4.10 SP modules | CM PtP
6ES7 153-1AA02-0XB0,,discontinued 08/00,5.1 IM | ET 200M- IM 153-1
6ES7 153-1AA82-0XB0,,discontinued 10/05,"5.1 IM | ET 200M- IM 153-1, extended environ mental conditions"
6ES7 153-1AA03-0XB0,,discontinued 10/24,5.1 IM | ET 200M- IM 153-1
6ES7 153-1AA83-0XB0,,discontinued 11/03,"5.1 IM | ET 200M- IM 153-1, extended environ mental conditions"
6ES7 153-2AA01-0XB0,,discontinued 04/00,5.1 IM | ET 200M- IM 153-2
6ES7 153-2AA02-0XB0,,discontinued 06/04,5.1 IM | ET 200M- IM 153-2
6ES7 153-2BA00-0XB0,V3.x,listed,5.1 IM | ET 200M- IM 153-2
6ES7 153-2BA01-0XB0,V4.x,discontinued 10/09,5.1 IM | ET 200M- IM 153-2
6ES7 153-2BA81-0XB0,V4.x,discontinued 12/10,5.1 IM | ET 200M- IM 153-2
6ES7 153-2BA02-0XB0,V5.x,discontinued 01/16,5.1 IM | ET 200M- IM 153-2
6ES7 153-2BA82-0XB0,V5.x,discontinued 10/16,5.1 IM | ET 200M- IM 153-2
6ES7 153-2AB01-0XB0,,discontinued 01/03,5.1 IM | ET 200M- IM 153-2 FO
6ES7 153-2BB00-0XB0,V3.x,discontinued 10/06,5.1 IM | ET 200M- IM 153-2 FO
6ES7 153-4BA00-0XB0,V4.x,discontinued 10/24,5.1 IM | ET 200M- IM 153-4 PN HF
6ES7 153-2BA70-0XB0,,listed,5.1 IM | ET 200M- IM 153-2
6ES7 153-2BA10-0XB0,,listed,5.1 IM | ET 200M- IM 153-2
6ES7 195-1KA00-0XA0,,listed,5.2 Accessories | Partition
6ES7 195-7HA00-0XA0,,listed,5.2 Accessories | Bus module
6ES7 195-7HB00-0XA0,,listed,5.2 Accessories | Bus module
6ES7 195-7HC00-0XA0,,listed,5.2 Accessories | Bus module
6ES7 195-7HD00-0XA0,,discontinued 07/04,5.2 Accessories | BM IM/IM
6ES7 195-7HD10-0XA0,,listed,5.2 Accessories | BM IM/IM
6ES7 195-7HG00-0XA0,,listed,5.2 Accessories | F separator bus mod ule
6ES7 195-7KF00-0XA0,,listed,5.2 Accessories | F separator module
6ES7655-5PX31-1XX0,,listed,6.1 Compact field unit | SIMATIC CFU DIQ
6ES7655-5PX11-1XX0,,listed,6.1 Compact field unit | SIMATIC CFU PA
6ES7655-5PX41-1XX0,,listed,6.1 Compact field unit | SIMATIC CFU CIO HART
6DL1164-6TH00-0PH1,,listed,7.1 AI | AI 16xI 2-wire HART PA
6DL1164-6JH00-0PH1,,listed,7.1 AI | AI 16xTC/8xRTD 2-/3-/4- wire PA
6DL1164-6GH00-0PH1,,listed,7.1 AI | AI 16xI 2-wire PA
6DL1165-6TF00-0PH1,,listed,7.2 AQ | AQ 8xI HART PA
6DL1161-6BH00-0PH1,,listed,7.3 DI | DI 16x24VDC PA
6DL1161-6BL00-0PH1,,listed,7.3 DI | DI 32x24VDC PA
6DL1161-6BL00-0AH1,,listed,7.3 DI | DI 32x24VDC LC PA
6DL1162-6BH00-0PH1,,listed,7.4 DQ | DQ 16x24VDC/0.5A PA
6DL1162-6BL00-0PH1,,listed,7.4 DQ | DQ 32x24VDC/0.5A PA
6DL1162-6BL00-0AH1,,listed,7.4 DQ | DQ 32x24VDC/0.5A LC PA
6DL1165-6AU00-0PM0,,listed,7.5 IM | ET 200PA SMART+ IM155-6 PN
6DL1163-6AR00-0AA0,,listed,7.6 BusAdapter | SMART+ BA 2xRJ45
6ES7 650-8AE60-0AA0,,listed,8.1 AI | AI8
6ES7 650-8AE60-1AA0,,listed,8.1 AI | AI8
6ES7 650-8AK60-0AA0,,listed,8.1 AI | AI8 Diag
6ES7 650-8AK60-1AA0,,listed,8.1 AI | AI8 Diag
6ES7 650-8AK70-0AA0,,listed,8.1 AI | AI16 Diag
6ES7 650-8AK70-1AA0,,listed,8.1 AI | AI16 Diag
6ES7 650-8AR60-0AA0,,listed,8.1 AI | AI TC/RTD
6ES7 650-8AR60-1AA0,,listed,8.1 AI | AI TC/RTD
6ES7 650-8AT60-0AA0,,listed,8.1 AI | AI8 HART
6ES7 650-8AT60-1AA0,,listed,8.1 AI | AI8 HART
6ES7 650-8BK60-0AA0,,listed,8.2 AO | AO8 Diag
6ES7 650-8BK60-1AA0,,listed,8.2 AO | AO8 Diag
6ES7 650-8BT60-0AA0,,listed,8.2 AO | AO8 HART
6ES7 650-8BT60-1AA0,,listed,8.2 AO | AO8 HART
6ES7 650-8DK80-0AA0,,listed,8.3 DI | DI32
6ES7 650-8DK80-1AA0,,listed,8.3 DI | DI32
6ES7 650-8DK70-0AA0,,listed,8.3 DI | DI16
6ES7 650-8DK70-1AA0,,listed,8.3 DI | DI16
6ES7 650-8EK80-0AA0,,listed,8.4 DO | DO32
6ES7 650-8EK80-1AA0,,listed,8.4 DO | DO32
6ES7 650-8EK70-0AA0,,listed,8.4 DO | DO16
6ES7 650-8EK70-1AA0,,listed,8.4 DO | DO16
6ES7 650-8PH00-0AA0,,listed,8.5 IM | IM 650-8
6ES7 650-8PH00-1AA0,,listed,8.5 IM | IM 650-8
6ES7 650-8PA00-0AA0,,listed,8.6 Accessories | Bus module PS/IM
6ES7 650-8PA00-1AA0,,listed,8.6 Accessories | Bus module PS/IM
6ES7 650-8PB00-0AA0,,listed,8.6 Accessories | Bus module IM/IM
6ES7 650-8PB00-1AA0,,listed,8.6 Accessories | Bus module IM/IM
6ES7 650-8PC00-0AA0,,listed,8.6 Accessories | Bus module
6ES7 650-8PC00-1AA0,,listed,8.6 Accessories | Bus module
6ES7 134-5RB00-0AB0,,discontinued 09/06,9.1 AI | 2 AI 2 WIRE
6ES7 134-5RB50-0AB0,,discontinued 09/06,9.1 AI | 2 AI 4 WIRE
6ES7 134-5SB00-0AB0,,discontinued 09/06,9.1 AI | 2 AI TC
6ES7 134-5SB50-0AB0,,discontinued 09/06,9.1 AI | 2 AI RTD
6ES7 134-5TB00-0AB0,,discontinued 09/06,9.1 AI | 2 AI 2 WIRE HART
6ES7 134-5TB50-0AB0,,discontinued 09/06,9.1 AI | 2 AI 4 WIRE HART
6ES7 135-5RB00-0AB0,,listed,9.2 AO | 2 AO 0/4-20mA
6ES7 135-5TB00-0AB0,,discontinued 09/06,9.2 AO | 2 AO HART
6ES7 131-5RD00-0AB0,,discontinued 09/06,9.3 DI | 4 DI NAMUR
6ES7 132-5SB00-0AB0,,discontinued 09/06,9.4 DO | 2 DO
6ES7 151-2AA00-0AB0,,discontinued 09/06,9.5 IM | ET 200iS-IM 151-2
6ES7 138-5EA00-0AA0,,discontinued 09/06,9.6 PS | PS
6ES7 193-5CB00-0AA0,,discontinued 09/06,9.7 Terminal module | TM-E30S-44iS
6ES7 193-5CB10-0AA0,,discontinued 09/06,9.7 Terminal module | TM-E30C-44iS
6ES7 193-5DA00-0AA0,,discontinued 09/06,9.7 Terminal module | TM-PS-iS
6ES7 193-5DB00-0AA0,,discontinued 09/06,9.7 Terminal module | TM-IM-iS
6ES7134-7TD00-0AB0,,listed,10.1 AI | 4 AI I 2WIRE HART
6ES7134-7TD50-0AB0,,listed,10.1 AI | 4 AI I 4WIRE HART
6ES7134-7SD00-0AB0,,listed,10.1 AI | 4 AI TC
6ES7134-7SD50-0AB0,,discontinued 05/08,10.1 AI | 4 AI RTD
6ES7134-7SD51-0AB0,,listed,10.1 AI | 4 AI RTD
6ES7138-7FA00-0AB0,,listed,10.2 AI-F | 4F-AI I Ex HART
6ES7135-7TD00-0AB0,,listed,10.3 AO | 4 AO I HART
6ES7131-7RF00-0AB0,,listed,10.4 DI | 8 DI NAMUR
6ES7138-7FN00-0AB0,,listed,10.5 DI-F | 8F-DI NAMUR Ex
6ES7132-7HB00-0AB0,,listed,10.6 DO | 2 DO Relais UC 60 V/2 A
6ES7132-7RD00-0AB0,,discontinued 10/06,"10.6 DO | 4 DO DC23,1V/20mA"
6ES7132-7RD01-0AB0,,listed,"10.6 DO | 4 DO DC23,1V/20mA Shutdown ""H"""
6ES7132-7RD10-0AB0,,discontinued 10/06,"10.6 DO | 4 DO DC17,4V/27mA"
6ES7132-7RD11-0AB0,,listed,"10.6 DO | 4 DO DC17,4V/27mA Shutdown ""H"""
6ES7132-7RD20-0AB0,,discontinued 10/06,"10.6 DO | 4 DO DC17,4V/40mA"
6ES7132-7RD21-0AB0,,discontinued 06/10,"10.6 DO | 4 DO DC17,4V/40mA Shutdown ""H"""""
6ES7132-7RD22-0AB0,,listed,"10.6 DO | 4 DO DC17,4V/40mA Shutdown ""H"""
6ES7132-7GD00-0AB0,,listed,"10.6 DO | 4 DO DC23,1V/20mA Shutdown ""L"""
6ES7132-7GD10-0AB0,,listed,"10.6 DO | 4 DO DC17,4V/27mA Shutdown ""L"""
6ES7132-7GD20-0AB0,,discontinued 06/10,"10.6 DO | 4 DO DC17,4V/40mA Shutdown ""L"""
6ES7132-7GD21-0AB0,,listed,"10.6 DO | 4 DO DC17,4V/40mA Shutdown ""L"""
6ES7132-7GD30-0AB0,,listed,"10.6 DO | 4 DO DC25,5V/22mA Shutdown ""L"""
6ES7138-7FD00-0AB0,,listed,"10.7 DO-F | 4F-DO Ex(i) DC 17,4V/ 40mA"
6ES7152-1AA00-0AB0,,listed,10.8 IM | ET 200iSP-IM 152-1
6ES7152-1AA00-0AB0,V2.0,listed,10.8 IM | ET 200iSP-IM 152-1
6ES7152-1BA00-0AB0,,listed,10.8 IM | ET 200iSP-IM 152-1PN
6ES7 138-7EA00-0AA0,,discontinued 07/06,10.9 PS | PS DC 24V
6ES7 138-7EA01-0AA0,,listed,10.9 PS | PS DC 24V
6ES7 138-7EC00-0AA0,,listed,10.9 PS | PS AC 120/230V
6ES7138-7AA00-0AA0,,listed,10.10 EM | Reserve module
6ES7138-7BB00-0AB0,,listed,10.11 Watchdog | Watchdog module
6ES7 972-0AC80-0XA0,,listed,10.12 Couplers | RS 485-IS coupler
6ES7 193-7CA00-0AA0,,listed,10.13 Terminal module | TM-EM/EM 60S
6ES7 193-7CA10-0AA0,,listed,10.13 Terminal module | TM-EM/EM 60C
6ES7193-7CA11-0AA0,,listed,10.13 Terminal module | TM-EM/EM 60P
6ES7 193-7CA20-0AA0,,listed,10.13 Terminal module | TM-EM/EM 60S
6ES7 193-7CB00-0AA0,,listed,10.13 Terminal module | TM-EM Relais C
6ES7 193-7AA00-0AA0,,listed,10.13 Terminal module | TM-IM/EM 60S
6ES7 193-7AA10-0AA0,,listed,10.13 Terminal module | TM-IM/EM 60C
6ES7193-7AA11-0AA0,,listed,10.13 Terminal module | TM-IM/EM 60P
6ES7 193-7AA20-0AA0,,listed,10.13 Terminal module | TM-IM/EM 60S
6ES7 193-7AB00-0AA0,,listed,10.13 Terminal module | TM-IM/IM
6ES7 193-7DA00-0AA0,,discontinued 07/06,10.13 Terminal module | TM-PS-A
6ES7 193-7DB00-0AA0,,discontinued 07/06,10.13 Terminal module | TM-PS-B
6ES7 193-7DA10-0AA0,,discontinued 12/17,10.13 Terminal module | TM-PS-A
6ES7 193-7DB10-0AA0,,discontinued 12/17,10.13 Terminal module | TM-PS-B
6ES7 193-7DA20-0AA0,,listed,10.13 Terminal module | TM-PS-A
6ES7 193-7DB20-0AA0,,listed,10.13 Terminal module | TM-PS-B
6ES7 134-4FB00-0AB0,,discontinued 07/05,11.1 AI | 2 AI U
6ES7 134-4FB01-0AB0,,listed,11.1 AI | 2 AI U
6ES7 134-4GB00-0AB0,,discontinued 04/05,11.1 AI | 2 AI I 2DMU
6ES7 134-4GB01-0AB0,,listed,11.1 AI | 2 AI I 2DMU
6ES7 134-4GB10-0AB0,,discontinued 05/05,11.1 AI | 2 AI I 4DMU
6ES7 134-4GB11-0AB0,,listed,11.1 AI | 2 AI I 4DMU
6ES7 134-4JB00-0AB0,,discontinued 09/08,11.1 AI | 2 AI I TC
6ES7 134-4JB01-0AB0,,discontinued 10/16,11.1 AI | 2 AI I TC
6ES7 134-4JB50-0AB0,,discontinued 09/08,11.1 AI | 2 AI I RTD
6ES7 134-4JB51-0AB0,,listed,11.1 AI | 2 AI I RTD
6ES7 134-4LB00-0AB0,,discontinued 06/06,11.1 AI | 2 AI U
6ES7 134-4LB02-0AB0,,listed,11.1 AI | 2 AI U
6ES7 134-4MB00-0AB0,,discontinued 06/06,11.1 AI | 2 AI I
6ES7 134-4MB02-0AB0,,listed,11.1 AI | 2 AI I
6ES7 134-4NB00-0AB0,,discontinued 09/05,11.1 AI | 2 AI I TC High Feature
6ES7 134-4NB01-0AB0,,listed,11.1 AI | 2 AI I TC High Feature
6ES7 134-4NB50-0AB0,,discontinued 11/05,11.1 AI | 2 AI I RTD High Feature
6ES7 134-4NB51-0AB0,,listed,11.1 AI | 2 AI I RTD High Feature
6ES7 135-4FB00-0AB0,,discontinued 05/05,11.2 AO | 2 AO U
6ES7 135-4FB01-0AB0,,listed,11.2 AO | 2 AO U
6ES7 135-4GB00-0AB0,,discontinued 05/05,11.2 AO | 2 AO I
6ES7 135-4GB01-0AB0,,listed,11.2 AO | 2 AO I
6ES7 135-4LB00-0AB0,,discontinued 08/03,11.2 AO | 2 AO U
6ES7 135-4LB01-0AB0,,discontinued 06/06,11.2 AO | 2 AO U
6ES7 135-4LB02-0AB0,,listed,11.2 AO | 2 AO U
6ES7 135-4MB00-0AB0,,discontinued 08/03,11.2 AO | 2 AO I
6ES7 135-4MB01-0AB0,,discontinued 06/06,11.2 AO | 2 AO I
6ES7 135-4MB02-0AB0,,listed,11.2 AO | 2 AO I
6ES7 131-4BB00-0AA0,,discontinued 04/05,11.3 DI | 2 DI DC24V
6ES7 131-4BB01-0AA0,,listed,11.3 DI | 2 DI DC24V
6ES7 131-4BD00-0AA0,,discontinued 04/05,11.3 DI | 4 DI DC24V
6ES7 131-4BD01-0AA0,,listed,11.3 DI | 4 DI DC24V
6ES7 131-4BB00-0AB0,,discontinued 06/05,11.3 DI | 2 DI DC24V High Feature
6ES7 131-4BB01-0AB0,,listed,11.3 DI | 2 DI DC24V High Feature
6ES7 131-4BD00-0AB0,,discontinued 05/05,11.3 DI | 4 DI DC24V High Feature
6ES7 131-4BD01-0AB0,,listed,11.3 DI | 4 DI DC24V High Feature
6ES7 131-4BF00-0AA0,,listed,11.3 DI | 8 DI DC24V High Speed
6ES7 131-4CD00-0AB0,,discontinued 08/10,11.3 DI | 4 DI
6ES7 131-4CD02-0AB0,,listed,11.3 DI | 4 DI UC 24..48V HF
6ES7 131-4EB00-0AB0,,listed,11.3 DI | 2 DI AC 120V
6ES7 131-4FB00-0AB0,,listed,11.3 DI | 2 DI AC 230V
6ES7 131-4RD00-0AB0,,discontinued 10/10,11.3 DI | 4 DI NAMUR
6ES7 131-4RD02-0AB0,,listed,11.3 DI | 4 DI NAMUR
6ES7 138-4FA00-0AB0,,discontinued 06/04,11.3 DI | 8 DI DC 24V
6ES7 138-4FA01-0AB0,,discontinued 10/05,11.3 DI | 8 DI DC 24V
6ES7 138-4FA02-0AB0,,discontinued 01/07,11.3 DI | 8 DI DC 24V
6ES7 138-4FA03-0AB0,,discontinued 10/08,11.3 DI | 8 DI DC 24V
6ES7 138-4FA04-0AB0,,discontinued 09/15,11.3 DI | 8 DI DC 24V
6ES7 138-4FA05-0AB0,,listed,11.3 DI | 8 DI DC 24V
6ES7 132-4BB00-0AA0,,discontinued 04/05,11.4 DO | 2 DO DC24V/0.5A
6ES7 132-4BB01-0AA0,,listed,11.4 DO | 2 DO DC24V/0.5A
6ES7 132-4BB30-0AA0,,discontinued 04/05,11.4 DO | 2 DO DC24V/2A
6ES7 132-4BB31-0AA0,,listed,11.4 DO | 2 DO DC24V/2A
6ES7 132-4BB00-0AB0,,discontinued 09/05,11.4 DO | 2 DO DC24V/0.5A High Feature
6ES7 132-4BB01-0AB0,,listed,11.4 DO | 2 DO DC24V/0.5A High Feature
6ES7 132-4BB30-0AB0,,discontinued 07/05,11.4 DO | 2 DO DC24V/2A High Feature
6ES7 132-4BB31-0AB0,,listed,11.4 DO | 2 DO DC24V/2A High Feature
6ES7 132-4BD00-0AA0,,discontinued 05/05,11.4 DO | 4 DO DC24V/0.5A
6ES7 132-4BD00-0AB0,,listed,11.4 DO | 4 DO DC24V/0.5A High Feature
6ES7 132-4BD01-0AA0,,discontinued 10/10,11.4 DO | 4 DO DC24V/0.5A
6ES7 132-4BD02-0AA0,,listed,11.4 DO | 4 DO DC24V/0.5A
6ES7 132-4BD30-0AA0,,discontinued 04/05,11.4 DO | 4 DO DC24V/2A
6ES7 132-4BD30-0AB0,,listed,11.4 DO | 4 DO DC24V/2A High Feature
6ES7 132-4BD31-0AA0,,discontinued 05/07,11.4 DO | 4 DO DC24V/2A
6ES7 132-4BD32-0AA0,,listed,11.4 DO | 4 DO DC24V/2A
6ES7 132-4BF00-0AA0,,listed,11.4 DO | 8 DO DC24V/0.5A High Speed
6ES7 132-4BF00-0AB0,,listed,11.4 DO | 8 DO DC24V/0.5A High Feature
6ES7 132-4FB00-0AB0,,discontinued 01/07,11.4 DO | 2 DO AC 120/230V/ 1A
6ES7 132-4FB01-0AB0,,listed,11.4 DO | 2 DO AC 120/230V/ 1A
6ES7 132-4HB00-0AB0,,discontinued 04/05,11.4 DO | 2 DO Rel. 24.230V/5A
6ES7 132-4HB01-0AB0,,listed,11.4 DO | 2 DO Rel. 24.230V/5A
6ES7 132-4HB10-0AB0,,discontinued 05/11,11.4 DO | 2 DO Rel. 24.230V/5A
6ES7 132-4HB12-0AB0,,listed,11.4 DO | 2 DO Rel. 24.230V/5A
6ES7 138-4FB00-0AB0,,discontinued 06/04,11.4 DO | 4 DO DC 24V/2A
6ES7 138-4FB01-0AB0,,discontinued 10/05,11.4 DO | 4 DO DC 24V/2A
6ES7 138-4FB02-0AB0,,discontinued 10/08,11.4 DO | 4 DO DC 24V/2A
6ES7 138-4FB03-0AB0,,discontinued 07/14,11.4 DO | 4 DO DC 24V/2A
6ES7 138-4FB04-0AB0,,listed,11.4 DO | 4 DO DC 24V/2A
6ES7 138-4DA04-0AB0,,listed,"11.5 FM | Counter module, 24 V/100 kHz"
6ES7 151-1BA00-0AB0,,discontinued 10/05,11.6 IM | IM 151-1
6ES7 151-1BA01-0AB0,,discontinued 03/07,11.6 IM | IM 151-1
6ES7 151-1BA02-0AB0,,listed,11.6 IM | IM 151-1
6ES7 138-4CA00-0AA0,,discontinued 04/05,11.7 PS | PM-E DC24V
6ES7 138-4CA01-0AA0,,listed,11.7 PS | PM-E DC24V
6ES7 138-4CA60-0AB0,,listed,11.7 PS | PM-E DC24V HF
6ES7 138-4CB10-0AB0,,discontinued 11/06,11.7 PS | PM-E DC24V/ AC120/230V
6ES7 138-4CB11-0AB0,,listed,11.7 PS | PM-E DC24V..48/ AC24..230V
6ES7 138-4CF00-0AB0,,discontinued 06/04,11.7 PS | PM-E DC24V
6ES7 138-4CF01-0AB0,,discontinued 10/05,11.7 PS | PM-E DC24V
6ES7 138-4CF02-0AB0,,discontinued 10/08,11.7 PS | PM-E DC24V
6ES7 138-4CF03-0AB0,,listed,11.7 PS | PM-E DC24V
6ES7 138-4CF42-0AB0,,listed,11.7 PS | PM-E DC24V
6ES7134-6GD00-0BA1,,discontinued 04/18,12.1 AI | AI 4 x I 2-/4-wire ST
6ES7134-6GD01-0BA1,,listed,12.1 AI | AI 4xI 2-/4-wire ST
6ES7134-6HD00-0BA1,,discontinued 04/18,12.1 AI | AI 4 x U/I 2-wire ST
6ES7134-6HD01-0BA1,,listed,12.1 AI | AI 4 x U/I 2-wire ST
6ES7134-6JD00-0CA1,,listed,12.1 AI | AI 4 x RTD/TC 2-/3-/4- wire HF
6ES7134-6PA00-0BD0,,discontinued 01/17,12.1 AI | AI Energy Meter ST
6ES7134-6HB00-0CA1,,listed,"12.1 AI | AI 2 x U/I 2-,4-wire HF"
6ES7134-6TD00-0CA1,,listed,12.1 AI | AI 4 x I 2-wire HART
6ES7134-6JF00-0CA1,,listed,12.1 AI | AI 8 x RTD/TC 2-wire HF
6ES7135-6HB00-0CA1,,listed,12.2 AO | AQ 2xU/I HF
6ES7135-6HD00-0BA1,,listed,12.2 AO | AQ 4xU/I ST
6ES7135-6TD00-0CA1,,listed,12.2 AO | AQ 4xI HART
6ES7131-6BF00-0BA0,,discontinued 02/18,12.3 DI | DI 8x24VDC ST
6ES7131-6BF01-0BA0,,listed,12.3 DI | DI 8x24VDC ST
6ES7131-6BH00-0BA0,,discontinued 03/18,12.3 DI | DI 16x24VDC ST
6ES7131-6BH01-0BA0,,listed,12.3 DI | DI 16x 24VDC ST
6ES7131-6BF00-0CA0,,listed,12.3 DI | DI 8x24VDC HF
6ES7131-6BF00-0DA0,,listed,12.3 DI | DI 8x24VDC High Speed
6ES7131-6TF00-0CA0,,listed,12.3 DI | DI 8x24VDC HF NA MUR
6ES7131-6FD01-0BB1,,listed,12.3 DI | DI 4x120..230VAC ST
6ES7132-6BD20-0CA0,,listed,12.4 DO | DQ 4x24VDC/2A HF
6ES7132-6BD20-0BA0,,listed,12.4 DO | DQ 4x24VDC 2A ST
6ES7132-6FD00-0BB1,,listed,12.4 DO | DQ 4x24..230VAC/2A ST
6ES7132-6BF00-0BA0,,discontinued 03/18,12.4 DO | DQ 8x24VDC 0.5A ST
6ES7132-6BF01-0BA0,,listed,12.4 DO | DQ 8x24VDC/0.5A ST
6ES7132-6BF00-0CA0,,listed,12.4 DO | DQ 8 DC24V 0.5A HF
6ES7132-6BH00-0BA0,,discontinued 04/18,12.4 DO | DQ 16x24VDC 0.5A ST
6ES7132-6BH01-0BA0,,listed,12.4 DO | DQ 16x24VDC/0.5A ST
6ES7132-6HD00-0BB0,,discontinued 12/16,12.4 DO | RQ NO 4x120VDC..230VAC/ 5A ST
6ES7132-6HD00-0BB1,,discontinued 03/18,12.4 DO | RQ NO 4x120VDC..230VAC/ 5A ST
6ES7132-6HD01-0BB1,,listed,12.4 DO | RQ NO 4x120VDC..230VAC/ 5A ST
6ES7155-6AU00-0CN0,,discontinued 05/19,12.5 IM | ET 200SP IM155-6PN HF
6ES7155-6AU01-0CN0,,listed,12.5 IM | ET 200SP IM155-6PN/2 HF
6ES7155-6BU00-0CN0,,discontinued 06/19,12.5 IM | ET 200SP IM155-6DP HF
6ES7155-6BU01-0CN0,,listed,12.5 IM | ET 200SP IM155-6DP HF
6ES7193-6PA00-0AA0,,listed,12.6 Server module | SERVER MODULE
6ES7193-6AR00-0AA0,,listed,12.7 Bus adapter | BA 2xRJ45
6ES7193-6AF00-0AA0,,listed,12.7 Bus adapter | BA 2xFC
6ES7193-6AP00-0AA0,,listed,12.7 Bus adapter | BA 2xSCRJ
6ES7193-6AG00-0AA0,,listed,12.7 Bus adapter | BA 2xLC
6ES7193-6AG40-0AA0,,listed,12.7 Bus adapter | BA LC/FC
6ES7193-6AG20-0AA0,,listed,12.7 Bus adapter | BA LC/RJ45
6ES7193-6AP20-0AA0,,listed,12.7 Bus adapter | BA SCRJ/RJ45
6ES7193-6AP40-0AA0,,listed,12.7 Bus adapter | BA SCRJ/FC
6ES7 144-1FB31-0XB0,,discontinued 10/08,13.1 AI | ET 200X EM 144 AI 2x U
6ES7 144-1GB31-0XB0,,discontinued 10/08,13.1 AI | ET 200X EM 144 AI 2x I
6ES7 144-1GB41-0XB0,,discontinued 10/08,13.1 AI | ET 200X EM 144 AI 2x I
6ES7 144-1JB31-0XB0,,discontinued 10/08,13.1 AI | ET 200X EM 144 AI 2x RTD
6ES7 145-1FB31-0XB0,,discontinued 10/08,13.2 AO | ET 200X EM 145 AO 2x U
6ES7 145-1GB31-0XB0,,discontinued 10/08,13.2 AO | ET 200X EM 145 AO 2x I
6ES7 141-1BF11-0XB0,,listed,13.3 BM_DI | ET 200X BM 141
6ES7 142-1BD21-0XB0,,discontinued 11/02,13.4 BM_DO | ET 200X BM 142 DO 4xDC24V/2A
6ES7 141-1BF30-0XA0,,listed,13.5 DI | ET 200X EM 141
6ES7 141-1BF40-0XA0,,listed,13.5 DI | ET 200X EM 141
6ES7 142-1BD40-0XB0,,listed,13.6 DO | ET 200X EM 142
6ES7 142-1BF30-0XA0,,listed,13.6 DO | ET 200X EM 142
6ES7 148-1CA00-0XB0,,discontinued 10/08,13.7 PS | ET 200X PM 148
6ES7 148-1EH01-0XA0,,listed,13.8 Valve | ET 200X EM 148-P
6ES7 148-1EH11-0XA0,,listed,13.8 Valve | ET 200X EM 148-P
6ES7 144-4FF00-0AB0,,discontinued 03/14,14.1 AI | ET 200PRO EM 144 AI 4 x U
6ES7144-4FF01-0AB0,,listed,14.1 AI | ET 200PRO EM 144 4AI-U HF
6ES7 144-4GF00-0AB0,,discontinued 03/14,14.1 AI | ET 200PRO EM 144 AI 4 x I
6ES7144-4GF01-0AB0,,listed,14.1 AI | ET 200PRO EM 144 4AI-I HF
6ES7 144-4JF00-0AB0,,listed,14.1 AI | ET 200PRO EM 144 AI 4 x RTD
6ES7 144-4PF00-0AB0,,listed,14.1 AI | ET 200PRO EM 144 AI 4 x TC HF
6ES7 145-4FF00-0AB0,,listed,14.2 AO | ET 200PRO EM 145
6ES7 145-4GF00-0AB0,,listed,14.2 AO | ET 200PRO EM 145
6ES7 141-4BF00-0AB0,,listed,14.3 DI | ET 200PRO EM 141
6ES7 142-4BD00-0AB0,,listed,14.4 DO | ET 200PRO EM 142
6ES7 148-4FA00-0AB0,,listed,14.5 F_DI | ET 200PRO EM 148 F-DI 8/16xDC 24V
6ES7 148-4FC00-0AB0,,listed,14.6 F_DI/DO | ET 200PRO EM 148
6ES7 154-2AA00-0AB0,,discontinued 05/10,14.7 IM | ET 200PRO IM154-2 DP HF
6ES7 154-2AA01-0AB0,,listed,14.7 IM | ET 200PRO IM154-2 DP HF
6ES7 148-4CA00-0AA0,,listed,14.8 PS | ET 200PRO PM-E DC24V
6ES7 148-4PC00-0HA0,,listed,14.8 PS | ET 200PRO PS 24 V/8 A
6ES7 194-4AA00-0AA0,,listed,14.9 Connection modules | CM IM DP ECOFAST
6ES7 194-4AC00-0AA0,,listed,14.9 Connection modules | CM IM DP Direkt
6ES7 194-4AD00-0AA0,,listed,"14.9 Connection modules | CM IM DP M12 / 7/8"""
6ES7 194-4BA00-0AA0,,listed,14.9 Connection modules | CM PM ECOFAST
6ES7 194-4BC00-0AA0,,listed,14.9 Connection modules | CM PM Direkt
6ES7 194-4BD00-0AA0,,listed,"14.9 Connection modules | CM PM 7/8"""
6ES7 194-4CA00-0AA0,,listed,14.9 Connection modules | CM IO 4 x M12
6ES7 194-4CB00-0AA0,,listed,14.9 Connection modules | CM IO 8 x M12
6ES7 194-4DC00-0AA0,,listed,14.9 Connection modules | CM 12×M12 für 4/8 F-DI/4 F-DO
6ES7 194-4DD00-0AA0,,listed,14.9 Connection modules | CM 16×M12 für 8/16 F-DI
6ES7 158-3AD10-0XA0,,listed,15.1 PN/PN Coupler | PN/PN Coupler
6GK5 204-2AA00-2YF2,,listed,15.3 Y switch | Scalance XF204-2BA DNA
6ES7 157-0AA80-0XA0,,discontinued 06/00,15.4 PA Link | IM 157
6ES7 157-0AA81-0XA0,,discontinued 12/03,15.4 PA Link | IM 157
6ES7 157-0AA82-0XA0,V4.x,discontinued 06/06,15.4 PA Link | IM 157
6ES7 153-2DA80-0XB0,,discontinued 10/17,15.5 FF Link | IM 153-2 FF Outdoor
6ES7 157-0AC84-0XA0,,discontinued 10/16,15.5 FF Link | FDC 157
6ES7 157-0AC85-0XA0,,listed,15.5 FF Link | FDC 157
6ES7 655-5BA00-0AB0,,listed,15.6 Compact FF Link | Compact FF Link
6ES7 654-0YK00-0AB0,,discontinued 10/06,15.7 Y Link | Y coupler
6ES7 197-1LB00-0XA0,,listed,15.7 Y Link | Y coupler
6ES7 197-1LA12-0XA0,,listed,15.7 Y Link | Y Link
6ES7 157-0AC00-0XA0,,discontinued 04/00,15.8 DP/PA coupler | DP/PA coupler
6ES7 157-0AC80-0XA0,,discontinued 05/04,15.8 DP/PA coupler | DP/PA coupler
6ES7 157-0AC81-0XA0,,discontinued 04/05,15.8 DP/PA coupler | DP/PA coupler
6ES7 157-0AC82-0XA0,,discontinued 07/07,15.8 DP/PA coupler | DP/PA coupler
6ES7 157-0AC83-0XA0,,discontinued 10/16,15.8 DP/PA coupler | DP/PA coupler
6ES7 157-0AD00-0XA0,,discontinued 07/01,15.8 DP/PA coupler | DP/PA coupler
6ES7 157-0AD80-0XA0,,discontinued 12/03,15.8 DP/PA coupler | DP/PA coupler
6ES7 157-0AD81-0XA0,,discontinued 05/04,"15.8 DP/PA coupler | DP/PA coupler, ex"
6ES7 157-0AD82-0XA0,,listed,"15.8 DP/PA coupler | DP/PA coupler, ex"
6ES7 157-0AG80-0XA0,,listed,15.10 Active field distributors | Active field distribu tor AFS
6ES7 157-0AG81-0XA0,,listed,15.10 Active field distributors | Active field distributor AFD4
6ES7 157-0AG82-0XA0,,listed,15.10 Active field distributors | Active field distributor AFD8
6ES7 655-5DX40-1AA1,,listed,15.10 Active field distributors | Active field distributor AFD4 FM
6ES7 655-5DX40-2AA0,,listed,15.10 Active field distributors | Active field distributor AFD4 RAILMOUNT
6ES7 655-5DX60-1BB0,,listed,15.10 Active field distributors | Active field distributor AFDiSD
6AG1 195-7HA00-2XA0,,listed,15.11 Accessories | BM PS/IM SIPLUS ex treme
6ES7 195-7HD80-0XA0,,listed,15.11 Accessories | BM IM/IM
6ES7 195-7HE80-0XA0,,discontinued 07/14,15.11 Accessories | BM
6ES7 195-7HF80-0XA0,,listed,15.11 Accessories | BM FDC
6ES7 195-7HG80-0XA0,,listed,15.11 Accessories | BM FDC/FDC
6ES7 654-7HY00-0XA0,,listed,15.11 Accessories | BM
6ES7655-5EF00-0AA0,,listed,15.11 Accessories | BM Compact FF Link
6ES7 972-0AB00-0XA0,,discontinued 02/03,16.1 Repeater | Diagnostic Repeater
6ES7 972-0AB01-0XA0,,listed,16.1 Repeater | Diagnostic Repeater
6ES7 972-0AA01-0XA0,,discontinued 05/11,16.1 Repeater | RS 485 repeater
6ES7 972-0AA02-0XA0,,listed,16.1 Repeater | RS 485 repeater
6ES7 652-0XX01-1XF1,,listed,18.2 Network adapter | Redundant terminal bus adapter PCI-E
6ES7652-0XX02-1XC0,,listed,18.5 Chip card reader | SIMATIC PCS 7 USB Chip Card Reader; chip card reader in tabletop version including USB connecting cable
6ES7652-0XX00-1XD2,,listed,18.5 Chip card reader | SIMATIC PCS 7 TCOS 3.0 chip card for chip card read er
6ES7 341-1AH01-0AE0,,discontinued 12/08,20.1 CP PtP | CP341-1A
6ES7 341-1AH02-0AE0,,listed,20.1 CP PtP | CP341-1A
6ES7 341-1BH01-0AE0,,discontinued 12/08,20.1 CP PtP | CP341-1B
6ES7 341-1BH02-0AE0,,listed,20.1 CP PtP | CP341-1B
6ES7 341-1CH01-0AE0,,discontinued 12/08,20.1 CP PtP | CP341-1C
6ES7 341-1CH02-0AE0,,listed,20.1 CP PtP | CP341-1C
6ES7 350-1AH03-0AE0,V1.0.2,listed,20.2 FM | FM350-1 COUNTER
6ES7 350-2AH00-0AE0,,discontinued 10/08,20.2 FM | FM350-2 COUNTER
6ES7 350-2AH01-0AE0,,listed,20.2 FM | FM350-2 COUNTER
6ES7 355-0VH10-0AE0,,listed,20.2 FM | FM355 C
6ES7 355-1VH10-0AE0,,listed,20.2 FM | FM355 S PID Control
6ES7 355-2CH00-0AE0,,listed,20.2 FM | FM355-2 C
6ES7 355-2SH00-0AE0,,listed,20.2 FM | FM355-2 S
6ES7 307-1BA00-0AA0,,discontinued 08/10,20.3 PS | PS307 2A
6ES7 307-1BA01-0AA0,,listed,20.3 PS | PS307 2A
6ES7 305-1BA80-0AA0,,listed,20.3 PS | PS305 2A
6ES7 307-1EA00-0AA0,,discontinued 08/10,20.3 PS | PS307 5A
6ES7 307-1EA01-0AA0,,listed,20.3 PS | PS307 5A
6ES7 307-1EA80-0AA0,,listed,20.3 PS | PS307 5A
6ES7 307-1KA00-0AA0,,discontinued 04/03,20.3 PS | PS307 10A
6ES7 307-1KA01-0AA0,,discontinued 08/10,20.3 PS | PS307 10A
6ES7 307-1KA02-0AA0,,listed,20.3 PS | PS307 10A
6ES7 321-1BH01-0AA0,,discontinued 10/04,20.4 SM DI | SM321 DI 16xDC24V
6ES7 321-1BH02-0AA0,,listed,20.4 SM DI | SM321 DI 16xDC24V
6ES7 321-1BH10-0AA0,,listed,20.4 SM DI | SM321 DI 16xDC24V
6ES7 321-1BH50-0AA0,,listed,20.4 SM DI | SM321 DI 16xDC24V
6ES7 321-1BH81-0AA0,,discontinued 10/00,20.4 SM DI | SM321 DI 16xDC24V
6ES7 321-1BH82-0AA0,,discontinued 11/03,20.4 SM DI | SM321 DI 16xDC24V
6ES7 321-1BL00-0AA0,,listed,20.4 SM DI | SM321 DI 32xDC24V
6ES7 321-1BL80-0AA0,,discontinued 11/03,20.4 SM DI | SM321 DI 32xDC24V
6ES7 321-1BP00-0AA0,,listed,20.4 SM DI | SM321 DI 64xDC24V
6ES7 321-1CH00-0AA0,,listed,20.4 SM DI | SM321 DI 16xAC/DC24..48V
6ES7 321-1CH20-0AA0,,listed,20.4 SM DI | SM321 DI 16xDC48..120V
6ES7 321-1CH80-0AA0,,discontinued 11/03,20.4 SM DI | SM321 DI 16xDC48..120V
6ES7 321-1EH01-0AA0,,discontinued 09/01,20.4 SM DI | SM321 DI 16xAC120V
6ES7 321-1EL00-0AA0,,listed,20.4 SM DI | SM321 DI 32xAC120V
6ES7 321-1FF01-0AA0,,listed,20.4 SM DI | SM321 DI 8xAC230V
6ES7 321-1FF10-0AA0,,listed,20.4 SM DI | SM321 DI 8xAC120/230V
6ES7 321-1FF81-0AA0,,discontinued 11/03,20.4 SM DI | SM321 DI 8xAC120/230V
6ES7 321-1FH00-0AA0,,listed,20.4 SM DI | SM321 DI 16xAC120V/230V
6ES7 321-7BH00-0AB0,,discontinued 08/03,"20.4 SM DI | SM321 DI 16xDC24V, Alarm"
6ES7 321-7BH01-0AB0,,listed,"20.4 SM DI | SM321 DI 16xDC24V, Alarm"
6ES7 321-7BH80-0AB0,,discontinued 08/03,"20.4 SM DI | SM321 DI 16xDC24V, Alarm"
6ES7 321-7EH00-0AB0,,listed,20.4 SM DI | SM321 DI 16xDC24-125V
6ES7 321-7RD00-0AB0,,listed,"20.4 SM DI | SM321 DI 4xNAMUR, Ex"
6ES7 321-7TH00-0AB0,,listed,20.4 SM DI | SM321 DI 16xNAMUR
6ES7 322-1BF01-0AA0,,listed,20.5 SM DO | SM322 DO 8xDC24V/2A
6ES7 322-1BH01-0AA0,,listed,20.5 SM DO | SM322 DO 16xDC24V/0.5A
6ES7 322-1BH10-0AA0,,listed,20.5 SM DO | SM322 DO 16xDC24V/0.5A
6ES7 322-1BH81-0AA0,,discontinued 11/03,20.5 SM DO | SM322 DO 16xDC24V/0.5A
6ES7 322-1BL00-0AA0,,listed,20.5 SM DO | SM322 DO 32xDC24V/0.5A
6ES7 322-1BP00-0AA0,,listed,20.5 SM DO | SM322 DO 64xDC24V/0.3A
6ES7 322-1BP50-0AA0,,listed,20.5 SM DO | SM322 DO 64xDC24V/0.3A
6ES7 322-1CF00-0AA0,,listed,20.5 SM DO | SM322 DO 8xDC48..120V/1.5A
6ES7 322-1CF80-0AA0,,discontinued 11/03,20.5 SM DO | SM322 DO 8xDC48..120V/1.5A
6ES7 322-1EH01-0AA0,,discontinued 01/02,20.5 SM DO | SM322 DO 16xAC120V/0.5A
6ES7 322-1EL00-0AA0,,discontinued 10/04,20.5 SM DO | SM322 DO 32xAC120V/1A
6ES7 322-1FF01-0AA0,,listed,20.5 SM DO | SM322 DO 8xAC230V/2A
6ES7 322-1FF81-0AA0,,discontinued 10/03,20.5 SM DO | SM322 DO 8xAC120/230V/1A
6ES7 322-1FH00-0AA0,,listed,20.5 SM DO | SM322 DO 16xAC120V/230V/0.5A
6ES7 322-1FL00-0AA0,,listed,20.5 SM DO | SM322 DO 32xAC120V/230V/1A
6ES7 322-1HF01-0AA0,,listed,20.5 SM DO | SM322 DO 8xRel. AC230V
6ES7 322-1HF10-0AA0,,listed,20.5 SM DO | SM322 DO 8xRel. AC 230V/5A
6ES7 322-1HF20-0AA0,,discontinued 07/02,20.5 SM DO | SM322 DO 8xRel. AC 24V/5A
6ES7 322-1HF80-0AA0,,discontinued 11/03,20.5 SM DO | SM322 DO 8xRel. DC24V/AC230V/5A
6ES7 322-1HH00-0AA0,,discontinued 07/02,20.5 SM DO | SM322 DO 16xRel. AC120V
6ES7 322-1HH01-0AA0,,listed,20.5 SM DO | SM322 DO 16xRel. AC120V/230V
6ES7 322-5FF00-0AB0,,listed,20.5 SM DO | SM322 DO 8xAC120/230V/2A
6ES7 322-5GH00-0AB0,,listed,20.5 SM DO | SM322 DO 16xUC24/48V
6ES7 322-5HF00-0AB0,,listed,20.5 SM DO | SM322 DO 8xRel AC230V
6ES7 322-5RD00-0AB0,,listed,"20.5 SM DO | SM322 DO 4xDC15V/20mA, Ex"
6ES7 322-5SD00-0AB0,,listed,"20.5 SM DO | SM322 DO 4xDC24V/10mA, Ex"
6ES7 322-8BF00-0AB0,,listed,"20.5 SM DO | SM322 DO 8xDC24V/0,5A"
6ES7 322-8BF80-0AB0,,discontinued 11/03,"20.5 SM DO | SM322 DO 8xDC24V/0,5A"
6ES7 322-8BH00-0AB0,,discontinued 12/03,"20.5 SM DO | SM322 DO 16xDC24V/0,5A"
6ES7 322-8BH01-0AB0,,discontinued 10/16,"20.5 SM DO | SM322 DO 16xDC24V/0,5A"
6ES7 322-8BH10-0AB0,,listed,"20.5 SM DO | SM322 DO 16xDC24V/0,5A"
6ES7 323-1BH01-0AA0,,listed,20.6 SM DI/DO | SM323
6ES7 323-1BH81-0AA0,,listed,20.6 SM DI/DO | SM323
6ES7 326-1BK00-0AB0,,discontinued 04/06,20.7 SM DI-F | SM 326 DI 24x24VDC
6ES7 326-1BK01-0AB0,,discontinued 09/09,20.7 SM DI-F | SM 326 DI 24xDC24V
6ES7 326-1BK02-0AB0,,listed,20.7 SM DI-F | SM 326 DI 24xDC24V
6ES7 326-1RF00-0AB0,,discontinued 05/14,"20.7 SM DI-F | SM 326 DI 8xNAMUR, Ex(i)"
6ES7 326-1RF01-0AB0,,listed,"20.7 SM DI-F | SM 326 DI 8xNAMUR, Ex(i)"
6ES7 326-2BF00-0AB0,,discontinued 04/03,20.8 SM DO-F | SM 326 DO 10x24VDC/2A
6ES7 326-2BF01-0AB0,,discontinued 10/14,20.8 SM DO-F | SM326 DO 10xDC24V/2A
6ES7 326-2BF10-0AB0,,listed,20.8 SM DO-F | SM326 DO 10xDC24V/2A
6ES7 326-2BF40-0AB0,,discontinued 09/09,20.8 SM DO-F | SM 326F DO 8xDC24V/2A
6ES7 326-2BF41-0AB0,,listed,20.8 SM DO-F | SM 326F DO 8xDC24V/2A
6ES7 331-1KF00-0AB0,,discontinued 10/03,20.9 SM AI | SM331 AI 8x13Bit
6ES7 331-1KF01-0AB0,,discontinued 01/10,20.9 SM AI | SM331 AI 8x13Bit
6ES7 331-1KF02-0AB0,,listed,20.9 SM AI | SM331 AI 8x13Bit
6ES7 331-7HF01-0AB0,,listed,20.9 SM AI | SM331 AI 8x14Bit
6ES7 331-7KB01-0AB0,,discontinued 10/04,20.9 SM AI | SM331 AI 2x12Bit
6ES7 331-7KB02-0AB0,,listed,20.9 SM AI | SM331 AI 2x12Bit
6ES7 331-7KB81-0AB0,,discontinued 05/01,20.9 SM AI | SM331 AI 2x12Bit
6ES7 331-7KB82-0AB0,,discontinued 11/03,20.9 SM AI | SM331 AI 2x12Bit
6ES7 331-7KF01-0AB0,,discontinued 02/05,20.9 SM AI | SM331 AI 8x12Bit
6ES7 331-7KF02-0AB0,,listed,20.9 SM AI | SM331 AI 8x12Bit
6ES7 331-7NF00-0AB0,,listed,20.9 SM AI | SM331 AI 8x16Bit
6ES7 331-7NF10-0AB0,,listed,20.9 SM AI | SM331 AI 8x16Bit
6ES7 331-7PE10-0AB0,,listed,20.9 SM AI | SM331 AI 6xTC
6ES7 331-7PF00-0AB0,,discontinued 04/05,20.9 SM AI | SM331 AI 8xRTD
6ES7 331-7PF01-0AB0,,listed,20.9 SM AI | SM331 AI 8xRTD
6ES7 331-7PF10-0AB0,,discontinued 07/05,20.9 SM AI | SM331 AI 8xTC
6ES7 331-7PF11-0AB0,,listed,20.9 SM AI | SM331 AI 8xTC
6ES7 331-7RD00-0AB0,,listed,"20.9 SM AI | SM331 AI 4x0/4...20mA, Ex"
6ES7 331-7SF00-0AB0,,listed,"20.9 SM AI | SM331 AI 8xTC/4xRTD, Ex"
6ES7 331-7TB00-0AB0,,discontinued 10/16,"20.9 SM AI | SM331 AI 2x0/4..20mA HART, Ex"
6ES7 331-7TB10-0AB0,,listed,"20.9 SM AI | SM331 AI 2x0/4..20mA HART, Ex"
6ES7 331-7TF00-0AB0,,discontinued 10/07,20.9 SM AI | SM331 AI 8x0/4...20mA HART
6ES7 331-7TF01-0AB0,V2.x,listed,20.9 SM AI | SM331 AI 8x0/4...20mA HART
6ES7 331-7TF01-0AB0,V3.x,listed,20.9 SM AI | SM331 AI 8x0/4...20mA HART
6ES7 332-5HB01-0AB0,,listed,20.10 SM AO | SM332 AO 2x12Bit
6ES7 332-5HB81-0AB0,,discontinued 11/03,20.10 SM AO | SM332 AO 2x12Bit
6ES7 332-5HD01-0AB0,,listed,20.10 SM AO | SM332 AO 4x12Bit
6ES7 332-5HF00-0AB0,,listed,20.10 SM AO | SM332 AO 8x12Bit
6ES7 332-5RD00-0AB0,,listed,"20.10 SM AO | SM332 AO 4x0/4...20mA, Ex"
6ES7 332-5TB00-0AB0,,discontinued 10/16,"20.10 SM AO | SM332 AO 2x0/4...20mA, HART, Ex"
6ES7 332-5TB10-0AB0,,listed,"20.10 SM AO | SM332 AO 2x0/4..20mA, HART; Ex"
6ES7 332-7ND00-0AB0,,discontinued 10/04,20.10 SM AO | SM332 AO 4x16Bit
6ES7 332-7ND01-0AB0,,discontinued 01/05,20.10 SM AO | SM332 AO 4x16Bit
6ES7 332-7ND02-0AB0,,listed,20.10 SM AO | SM332 AO 4x16Bit
6ES7 332-8TF00-0AB0,,discontinued 11/07,20.10 SM AO | SM332 AO 8x0/4...20mA HART
6ES7 332-8TF01-0AB0,V2.x,listed,20.10 SM AO | SM332 AO 8x0/4...20mA HART
6ES7 332-8TF01-0AB0,V3.x,listed,20.10 SM AO | SM332 AO 8x0/4...20mA HART
6ES7 336-1HE00-0AB0,,discontinued 10/08,20.11 SM AI-F | SM336 AI 6x13Bit
6ES7 336-4GE00-0AB0,,listed,20.11 SM AI-F | SM336 AI 6 HART
6ES7 650-1AC10-3XX0,,discontinued 02/08,20.12 SM MTA | MTA 16 channels DI standard
6ES7 650-1AC11-3XX0,,listed,20.12 SM MTA | MTA 16 channels DI standard
6ES7 650-1AA50-2XX0,,discontinued 02/08,20.12 SM MTA | MTA 8 channels AI standard
6ES7 650-1AA51-2XX0,,discontinued 02/13,20.12 SM MTA | MTA 8 channels AI standard
6ES7 650-1AA61-2XX0,,listed,20.12 SM MTA | MTA 8 channels AI-HART standard
6ES7 650-1AB50-2XX0,,discontinued 02/08,20.12 SM MTA | MTA 8 channels AO standard
6ES7 650-1AB51-2XX0,,listed,20.12 SM MTA | MTA 8 channels AO standard
6ES7 650-1AB61-2XX0,,listed,20.12 SM MTA | MTA 8 channels AO-HART standard
6ES7 650-1AF50-2XX0,,discontinued 02/08,20.12 SM MTA | MTA 8 channels TC standard
6ES7 650-1AF51-2XX0,,listed,20.12 SM MTA | MTA 8 channels TC standard
6ES7 650-1AG50-2XX0,,discontinued 02/08,20.12 SM MTA | MTA 8 channels RTD standard
6ES7 650-1AG51-2XX0,,listed,20.12 SM MTA | MTA 8 channels RTD standard
6ES7 650-1AK10-7XX0,,discontinued 02/08,20.12 SM MTA | MTA 24 channels F-DI (fail-safe)
6ES7 650-1AK11-7XX0,,listed,20.12 SM MTA | MTA 24 channels F-DI (fail-safe)
6ES7 650-1AD10-2XX0,,discontinued 10/17,20.12 SM MTA | MTA 16 channels DO Standard
6ES7 650-1AD11-2XX0,,listed,20.12 SM MTA | MTA 16 channels DO Standard
6ES7 650-1AL10-6XX0,,discontinued 02/08,20.12 SM MTA | MTA 10 channels F-DO (fail-safe)
6ES7 650-1AL11-6XX0,,listed,20.12 SM MTA | MTA 10 channels F-DO (fail-safe)
6ES7 650-1AM30-3XX0,,listed,20.12 SM MTA | MTA 16 channels DO (relay)
6ES7 650-1AM30-6XX0,,discontinued 11/07,20.12 SM MTA | MTA 10 channels DO (relay)
6ES7 650-1AM31-6XX0,,listed,"20.12 SM MTA | MTA 10 channels F-DO (fail-safe, relay)"
6ES7 650-1AH50-5XX0,,discontinued 02/08,20.12 SM MTA | MTA 6 channels F-AI (fail-safe)
6ES7 650-1AH51-5XX0,,discontinued 02/08,20.12 SM MTA | MTA 6 channels F-AI (fail-safe)
6ES7 650-1AH61-5XX0,,discontinued 02/13,20.12 SM MTA | MTA 6 channels F-AI (fail-safe)
6ES7 650-1AH62-5XX0,,listed,20.12 SM MTA | MTA 6 channels F-AI (fail-safe)
6ES7 650-1BA01-0XX0,,discontinued 05/08,20.12 SM MTA | Redundant power monitor
6ES7 650-1BA02-0XX0,,listed,20.12 SM MTA | Redundant power monitor
6ES7 650-1BB51-0XX0,,discontinued 10/16,20.12 SM MTA | 5.6 V Zener diode board
6ES7 650-1BC51-0XX0,,discontinued 10/16,20.12 SM MTA | 6.2 V Zener diode board
6ES7 650-1BD51-0XX0,,discontinued 01/11,20.12 SM MTA | FET switch adapter
6ES7 410-5HX08-0AB0,V8.3,listed,21.1 CPU as of 03/25 (as of PCS 7 V10.0.1) | CPU 410-5H Process auto mation
6ES7 410-5HN08-0AB0,V8.3,listed,21.1 CPU as of 03/25 (as of PCS 7 V10.0.1) | CPU 410 SMART process automation
6ES7 410-5HM08-0AB0,V8.3,listed,21.1 CPU as of 03/25 (as of PCS 7 V10.0.1) | CPU 410E Process automa tion
6ES7 410-5HX08-0AB0,V8.2.x,listed,21.2 CPU as of 05/17 (as of PCS 7 V9.0) | CPU 410-5H Process auto mation
6ES7 410-5HN08-0AB0,V8.2.x,listed,21.2 CPU as of 05/17 (as of PCS 7 V9.0) | CPU 410 SMART process automation
6ES7 410-5HM08-0AB0,V8.2.x,listed,21.2 CPU as of 05/17 (as of PCS 7 V9.0) | CPU 410E Process automa tion
6ES7 414-3XM07-0AB0,V7.0,listed,21.3 CPU as of 02/16 (as of PCS 7 V8.2) | CPU 414-3 DP
6ES7 414-3EM07-0AB0,V7.0,listed,21.3 CPU as of 02/16 (as of PCS 7 V8.2) | CPU 414-3 PN/DP
6ES7 416-2XP07-0AB0,V7.0,listed,21.3 CPU as of 02/16 (as of PCS 7 V8.2) | CPU 416-2 DP
6ES7 416-3XS07-0AB0,V7.0,listed,21.3 CPU as of 02/16 (as of PCS 7 V8.2) | CPU 416-3 DP
6ES7 416-3ES07-0AB0,V7.0,listed,21.3 CPU as of 02/16 (as of PCS 7 V8.2) | CPU 416-3 PN/DP
6ES7 417-4XT07-0AB0,V7.0,listed,21.3 CPU as of 02/16 (as of PCS 7 V8.2) | CPU 417-4
6ES7 410-5HX08-0AB0,V8.1.x,listed,21.4 CPU as of 09/14 (as of PCS 7 V8.1) | CPU 410-5H process automation
6ES7 410-5HN08-0AB0,V8.1.x,listed,21.4 CPU as of 09/14 (as of PCS 7 V8.1) | CPU 410 SMART proc ess automation
6ES7 410-5HX08-0AB0,V8.0.x,listed,21.5 CPU as of 06/13 (as of PCS 7 V8.0.2) | CPU 410-5H process automation
6ES7 412-5HK06-0AB0,V6.x,listed,21.6 H-CPU as of 12/11 (as of PCS 7 V8.0) | CPU 412-5H PN/DP
6ES7 414-5HM06-0AB0,V6.x,listed,21.6 H-CPU as of 12/11 (as of PCS 7 V8.0) | CPU 414-5H PN/DP
6ES7 416-5HS06-0AB0,V6.x,listed,21.6 H-CPU as of 12/11 (as of PCS 7 V8.0) | CPU 416-5H PN/DP
6ES7 417-5HT06-0AB0,V6.x,listed,21.6 H-CPU as of 12/11 (as of PCS 7 V8.0) | CPU 417-5H PN/DP
6ES7 414-3EM06-0AB0,V6.x,discontinued 10/16,21.7 CPU as of 08/10 (as of PCS 7 V7.1.2) | CPU 414-3 PN/DP
6ES7 416-3ES06-0AB0,V6.x,discontinued 10/16,21.7 CPU as of 08/10 (as of PCS 7 V7.1.2) | CPU 416-3 PN/DP
6ES7 412-3HJ14-0AB0,V4.5,discontinued 02/17,21.8 H-CPU as of 09/07 (as of PCS 7 V7.0.1) | CPU 412-3H
6ES7 414-4HM14-0AB0,V4.5,discontinued 02/17,21.8 H-CPU as of 09/07 (as of PCS 7 V7.0.1) | CPU 414-4H
6ES7 417-4HT14-0AB0,V4.5,discontinued 02/17,21.8 H-CPU as of 09/07 (as of PCS 7 V7.0.1) | CPU 417-4H
6ES7 414-3XM05-0AB0,V5.0,discontinued 02/16,21.9 CPU as of 12/06 (as of PCS 7 V7.0) | CPU 414-3 DP
6ES7 414-3XM05-0AB0,V5.1,discontinued 02/16,21.9 CPU as of 12/06 (as of PCS 7 V7.0) | CPU 414-3 DP
6ES7 414-3XM05-0AB0,V5.3.x,discontinued 02/16,21.9 CPU as of 12/06 (as of PCS 7 V7.0) | CPU 414-3 DP
6ES7 414-3EM05-0AB0,V5.0,discontinued 10/11,21.9 CPU as of 12/06 (as of PCS 7 V7.0) | CPU 414-3 PN/DP
6ES7 414-3EM05-0AB0,V5.1,discontinued 10/11,21.9 CPU as of 12/06 (as of PCS 7 V7.0) | CPU 414-3 PN/DP
6ES7 414-3EM05-0AB0,V5.3.x,discontinued 10/11,21.9 CPU as of 12/06 (as of PCS 7 V7.0) | CPU 414-3 PN/DP
6ES7 416-2XN05-0AB0,V5.0,discontinued 02/16,21.9 CPU as of 12/06 (as of PCS 7 V7.0) | CPU 416-2 DP
6ES7 416-2XN05-0AB0,V5.1,discontinued 02/16,21.9 CPU as of 12/06 (as of PCS 7 V7.0) | CPU 416-2 DP
6ES7 416-2XN05-0AB0,V5.3.x,discontinued 02/16,21.9 CPU as of 12/06 (as of PCS 7 V7.0) | CPU 416-2 DP
6ES7 416-3XR05-0AB0,V5.0,discontinued 02/16,21.9 CPU as of 12/06 (as of PCS 7 V7.0) | CPU 416-3 DP
6ES7 416-3XR05-0AB0,V5.1,discontinued 02/16,21.9 CPU as of 12/06 (as of PCS 7 V7.0) | CPU 416-3 DP
6ES7 416-3XR05-0AB0,V5.3.x,discontinued 02/16,21.9 CPU as of 12/06 (as of PCS 7 V7.0) | CPU 416-3 DP
6ES7 416-3ER05-0AB0,V5.0,discontinued 10/11,21.9 CPU as of 12/06 (as of PCS 7 V7.0) | CPU 416-3 PN/DP
6ES7 416-3ER05-0AB0,V5.1,discontinued 10/11,21.9 CPU as of 12/06 (as of PCS 7 V7.0) | CPU 416-3 PN/DP
6ES7 416-3ER05-0AB0,V5.3.x,discontinued 10/11,21.9 CPU as of 12/06 (as of PCS 7 V7.0) | CPU 416-3 PN/DP
6ES7 417-4XT05-0AB0,V5.0,discontinued 10/16,21.9 CPU as of 12/06 (as of PCS 7 V7.0) | CPU 417-4 DP
6ES7 417-4XT05-0AB0,V5.1,discontinued 10/16,21.9 CPU as of 12/06 (as of PCS 7 V7.0) | CPU 417-4 DP
6ES7 417-4XT05-0AB0,V5.3.x,discontinued 10/16,21.9 CPU as of 12/06 (as of PCS 7 V7.0) | CPU 417-4 DP
6ES7 414-4HJ04-0AB0,V4.x,discontinued 01/10,21.10 H-CPU as of 08/04 (as of PCS 7 V6.1) | CPU 414-4H
6ES7 417-4HL04-0AB0,V4.x,discontinued 01/10,21.10 H-CPU as of 08/04 (as of PCS 7 V6.1) | CPU 417-4H
6ES7 414-3XJ04-0AB0,V4.x,discontinued 03/07,21.11 CPU as of 08/04 (as of PCS 7 V6.1) | CPU 414-3
6ES7 416-2XK04-0AB0,V4.x,discontinued 03/07,21.11 CPU as of 08/04 (as of PCS 7 V6.1) | CPU 416-2
6ES7 416-3XL04-0AB0,V4.x,discontinued 03/07,21.11 CPU as of 08/04 (as of PCS 7 V6.1) | CPU 416-3
6ES7 417-4XL04-0AB0,V4.x,discontinued 03/07,21.11 CPU as of 08/04 (as of PCS 7 V6.1) | CPU 417-4
6ES7 414-4HJ00-0AB0,V2.1.1,discontinued 01/06,21.12 H-CPU as of 04/99 (as of PCS 7 V5.0) | CPU 414-4H
6ES7 414-4HJ00-0AB0,V2.1.2,discontinued 01/06,21.12 H-CPU as of 04/99 (as of PCS 7 V5.0) | CPU 414-4H
6ES7 414-4HJ00-0AB0,V3.0,discontinued 01/06,21.12 H-CPU as of 04/99 (as of PCS 7 V5.0) | CPU 414-4H
6ES7 414-4HJ00-0AB0,V3.1,discontinued 01/06,21.12 H-CPU as of 04/99 (as of PCS 7 V5.0) | CPU 414-4H
6ES7 417-4HL00-0AB0,V2.0,discontinued 09/00,21.12 H-CPU as of 04/99 (as of PCS 7 V5.0) | CPU 417-4H
6ES7 417-4HL00-0AB0,V2.1.x,discontinued 09/00,21.12 H-CPU as of 04/99 (as of PCS 7 V5.0) | CPU 417-4H
6ES7 417-4HL01-0AB0,V2.1,listed,21.12 H-CPU as of 04/99 (as of PCS 7 V5.0) | CPU 417-4H
6ES7 417-4HL01-0AB0,V2.1.1,listed,21.12 H-CPU as of 04/99 (as of PCS 7 V5.0) | CPU 417-4H
6ES7 417-4HL01-0AB0,V2.1.2,listed,21.12 H-CPU as of 04/99 (as of PCS 7 V5.0) | CPU 417-4H
6ES7 417-4HL01-0AB0,V3.0,listed,21.12 H-CPU as of 04/99 (as of PCS 7 V5.0) | CPU 417-4H
6ES7 417-4HL01-0AB0,V3.1,listed,21.12 H-CPU as of 04/99 (as of PCS 7 V5.0) | CPU 417-4H
6ES7 414-3XJ00-0AB0,V1.1,listed,21.13 CPU as of 04/99 (as of PCS 7 V5.0) | CPU 414-3
6ES7 414-3XJ00-0AB0,V1.2,listed,21.13 CPU as of 04/99 (as of PCS 7 V5.0) | CPU 414-3
6ES7 414-3XJ00-0AB0,V3.0,discontinued 01/05,21.13 CPU as of 04/99 (as of PCS 7 V5.0) | CPU 414-3
6ES7 414-3XJ00-0AB0,V3.1,discontinued 01/05,21.13 CPU as of 04/99 (as of PCS 7 V5.0) | CPU 414-3
6ES7 416-2XK02-0AB0,V1.1,discontinued 01/05,21.13 CPU as of 04/99 (as of PCS 7 V5.0) | CPU 416-2
6ES7 416-2XK02-0AB0,V1.2,discontinued 01/05,21.13 CPU as of 04/99 (as of PCS 7 V5.0) | CPU 416-2
6ES7 416-2XK02-0AB0,V3.0,discontinued 01/05,21.13 CPU as of 04/99 (as of PCS 7 V5.0) | CPU 416-2
6ES7 416-2XK02-0AB0,V3.1,discontinued 01/05,21.13 CPU as of 04/99 (as of PCS 7 V5.0) | CPU 416-2
6ES7 416-3XL00-0AB0,V1.1,discontinued 01/05,21.13 CPU as of 04/99 (as of PCS 7 V5.0) | CPU 416-3
6ES7 416-3XL00-0AB0,V1.2,discontinued 01/05,21.13 CPU as of 04/99 (as of PCS 7 V5.0) | CPU 416-3
6ES7 416-3XL00-0AB0,V3.0,discontinued 01/05,21.13 CPU as of 04/99 (as of PCS 7 V5.0) | CPU 416-3
6ES7 416-3XL00-0AB0,V3.1,discontinued 01/05,21.13 CPU as of 04/99 (as of PCS 7 V5.0) | CPU 416-3
6ES7 417-4XL00-0AB0,V1.1,discontinued 01/05,21.13 CPU as of 04/99 (as of PCS 7 V5.0) | CPU 417-4
6ES7 417-4XL00-0AB0,V1.2.0,discontinued 01/05,21.13 CPU as of 04/99 (as of PCS 7 V5.0) | CPU 417-4
6ES7 417-4XL00-0AB0,V3.0,discontinued 01/05,21.13 CPU as of 04/99 (as of PCS 7 V5.0) | CPU 417-4
6ES7 417-4XL00-0AB0,V3.1,listed,21.13 CPU as of 04/99 (as of PCS 7 V5.0) | CPU 417-4
6ES7 414-2XJ00-0AB0,,discontinued 04/98,21.14 CPU prior to 04/99 (up to PCS 7 V4.02) | CPU 414-2 DP
6ES7 414-2XJ01-0AB0,,discontinued 03/00,21.14 CPU prior to 04/99 (up to PCS 7 V4.02) | CPU 414-2 DP
6ES7 416-2XK00-0AB0,,discontinued 04/98,21.14 CPU prior to 04/99 (up to PCS 7 V4.02) | CPU 416-2 DP
6ES7 416-2XK01-0AB0,,discontinued 02/01,21.14 CPU prior to 04/99 (up to PCS 7 V4.02) | CPU 416-2 DP
6ES7 416-2XL00-0AB0,,discontinued 05/98,21.14 CPU prior to 04/99 (up to PCS 7 V4.02) | CPU 416-2 DP
6ES7 416-2XL01-0AB0,,discontinued 02/01,21.14 CPU prior to 04/99 (up to PCS 7 V4.02) | CPU 416-2 DP
6GK7 443-1BX00-0XE0,,discontinued 02/03,21.15 CP Ethernet | CP 443-1
6GK7 443-1BX01-0XE0,,discontinued 02/03,21.15 CP Ethernet | CP 443-1 ISO
6GK7 443-1EX01-0XE0,,discontinued 02/03,21.15 CP Ethernet | CP 443-1 TCP
6GK7 443-1EX02-0XE0,V5.2,discontinued 02/03,21.15 CP Ethernet | CP 443-1
6GK7 443-1EX10-0XE0,V1.0,discontinued 01/01,21.15 CP Ethernet | CP 443-1
6GK7 443-1EX10-0XE0,V2.x,discontinued 01/01,21.15 CP Ethernet | CP 443-1
6GK7 443-1EX11-0XE0,V1.1,discontinued 10/09,21.15 CP Ethernet | CP 443-1
6GK7 443-1EX11-0XE0,V2.x,discontinued 10/09,21.15 CP Ethernet | CP 443-1
6GK7 443-1EX20-0XE0,V2.x,discontinued 10/15,21.15 CP Ethernet | CP 443-1
6GK7 443-1EX30-0XE0,V3.x,listed,21.15 CP Ethernet | CP 443-1
6GK7 443-1EX30-0XE1,V3.x,listed,21.15 CP Ethernet | CP 443-1
6GK7 443-1GX30-0XE0,V3.x,listed,21.15 CP Ethernet | CP 443-1 Advanced
6GK7 443-1EX31-0XE0,V4.0,listed,21.15 CP Ethernet | CP 443-1
6GK7 443-5DX01-0XE0,,discontinued 10/01,21.16 CP PROFIBUS | CP 443-5 Extended
6GK7 443-5DX02-0XE0,V3.x,discontinued 08/01,21.16 CP PROFIBUS | CP 443-5 Extended
6GK7 443-5DX03-0XE0,V4.0,discontinued 05/05,21.16 CP PROFIBUS | CP 443-5 Extended
6GK7 443-5DX03-0XE0,V5.x,discontinued 05/05,21.16 CP PROFIBUS | CP 443-5 Extended
6GK7 443-5DX04-0XE0,V6.x,discontinued 09/11,21.16 CP PROFIBUS | CP 443-5 Extended
6GK7 443-5DX05-0XE0,V7.x,listed,21.16 CP PROFIBUS | CP 443-5 Extended
6GK7 443-5DX05-0XE1,V7.x,listed,21.16 CP PROFIBUS | CP 443-5 Extended
6ES7 460-0AA00-0AB0,,discontinued 12/01,21.17 IM | IM 460-0
6ES7 460-0AA01-0AB0,,listed,21.17 IM | IM 460-0
6ES7 460-1BA00-0AB0,,discontinued 12/01,21.17 IM | IM 460-1
6ES7 460-1BA01-0AB0,,listed,21.17 IM | IM 460-1
6ES7 460-3AA00-0AB0,,discontinued 12/01,21.17 IM | IM 460-3
6ES7 460-3AA01-0AB0,,listed,21.17 IM | IM 460-3
6ES7 460-4AA01-0AB0,,discontinued 10/16,21.17 IM | IM 460-4
6ES7 461-0AA00-0AA0,,discontinued 12/01,21.17 IM | IM 461-0
6ES7 461-0AA01-0AA0,,listed,21.17 IM | IM 461-0
6ES7 461-1BA00-0AA0,,discontinued 12/01,21.17 IM | IM 461-1
6ES7 461-1BA01-0AA0,,listed,21.17 IM | IM 461-1
6ES7 461-3AA00-0AA0,,discontinued 12/01,21.17 IM | IM 461-3
6ES7 461-3AA01-0AA0,,listed,21.17 IM | IM 461-3
6ES7 461-4AA01-0AA0,,discontinued 10/16,21.17 IM | IM 461-4
6ES7 463-2AA00-0AA0,,discontinued 03/17,21.17 IM | IM 463-2
6ES7 405-0KA00-0AA0,,discontinued 02/01,21.18 PS | PS 405 10A
6ES7 405-0KA01-0AA0,,discontinued 03/05,21.18 PS | PS 405 10A
6ES7 405-0KA02-0AA0,,listed,21.18 PS | PS 405 10A
6ES7 405-0RA01-0AA0,,discontinued 10/07,21.18 PS | PS 405 20A
6ES7 405-0RA02-0AA0,,listed,21.18 PS | PS 405 20A
6ES7 405-0KR00-0AA0,,discontinued 09/06,21.18 PS | PS 405 10A
6ES7 405-0KR02-0AA0,,listed,21.18 PS | PS 405 10A
6ES7 405-0KR02-0AA1,,listed,21.18 PS | PS 405 10A
6ES7 405-0DA02-0AA0,,listed,21.18 PS | PS 405 4A
6ES7 405-0DA02-0AA1,,listed,21.18 PS | PS 405 4A
6ES7 407-0KA00-0AA0,,discontinued 03/99,21.18 PS | PS 407 10A
6ES7 407-0KA01-0AA0,,discontinued 02/07,21.18 PS | PS 407 10A
6ES7 407-0KA02-0AA0,,listed,21.18 PS | PS 407 10A
6ES7 407-0RA01-0AA0,,discontinued 09/06,21.18 PS | PS 407 20A
6ES7 407-0RA02-0AA0,,listed,21.18 PS | PS 407 20A
6ES7 407-0KR00-0AA0,,discontinued 09/06,21.18 PS | PS 407 10A
6ES7 407-0KR02-0AA0,,listed,21.18 PS | PS 407 10A
6ES7 407-0KR02-0AA1,,listed,21.18 PS | PS 407 10A
6ES7 407-0DA02-0AA0,,listed,21.18 PS | PS 407 4A
6ES7 407-0DA02-0AA1,,listed,21.18 PS | PS 407 4A
6ES7 400-1JA00-0AA0,,discontinued 01/98,21.19 Racks | UR2
6ES7 400-1JA01-0AA0,,listed,21.19 Racks | UR2
6ES7 400-1JA11-0AA0,,listed,21.19 Racks | UR2 ALU
6ES7 400-1JA11-0AA1,,listed,21.19 Racks | UR2 ALU
6ES7 400-1TA00-0AA0,,discontinued 08/98,21.19 Racks | UR1
6ES7 400-1TA01-0AA0,,listed,21.19 Racks | UR1
6ES7 400-1TA11-0AA0,,listed,21.19 Racks | UR1 ALU
6ES7 400-2JA00-0AA0,,listed,21.19 Racks | UR2-H
6ES7 400-2JA10-0AA0,,listed,21.19 Racks | UR2-H ALU
6ES7 400-2JA10-0AA1,,listed,21.19 Racks | UR2-H ALU
6ES7 401-1DA01-0AA0,,listed,21.19 Racks | CR3
6ES7 401-1DA01-0AA1,,listed,21.19 Racks | CR3
6ES7 421-1BL00-0AA0,,discontinued 10/04,21.20 SM DI | SM 421 DI 32xDC 24V
6ES7 421-1BL01-0AA0,,listed,21.20 SM DI | SM 421 DI 32xDC 24V
6ES7 421-1EL00-0AA0,,listed,21.20 SM DI | SM 421 DI 32xAC 120V
6ES7 421-1FH00-0AA0,,discontinued 08/02,21.20 SM DI | SM 421 DI 16xUC 120/230V
6ES7 421-1FH20-0AA0,,listed,21.20 SM DI | SM 421 DI 16xUC 120/230V
6ES7 421-7BH00-0AB0,,discontinued 10/04,21.20 SM DI | SM 421 DI 16xDC 24V
6ES7 421-7BH01-0AB0,,listed,21.20 SM DI | SM 421 DI 16xDC 24V
6ES7 421-7DH00-0AB0,,listed,21.20 SM DI | SM421 DI 16xUC 24/60V Alarm
6ES7 421-5EH00-0AA0,,discontinued 10/04,21.20 SM DI | SM421 DI 16xAC 120V
6ES7 422-1BH10-0AA0,,discontinued 10/04,21.21 SM DO | SM 422 DO 16x DC 24V/2A
6ES7 422-1BH11-0AA0,,listed,21.21 SM DO | SM 422 DO 16x DC 24V/2A
6ES7 422-1BL00-0AA0,,listed,"21.21 SM DO | SM 422 DO 32x DC 24V/0,5A"
6ES7 422-1FF00-0AA0,,discontinued 10/04,21.21 SM DO | SM 422 DO 8x AC 120/230/5A
6ES7 422-1FH00-0AA0,,listed,21.21 SM DO | SM 422 DO 16x AC 120/230/2A
6ES7 422-1HH00-0AA0,,listed,21.21 SM DO | SM 422 DO 16x AC 230V/5A Rel.
6ES7 422-7BL00-0AB0,,listed,21.21 SM DO | SM 422 DO 32x DC 24V/0.5A
6ES7 422-5EH00-0AB0,,discontinued 10/04,21.21 SM DO | SM 422 DO 16x AC 120V/2A
6ES7 422-5EH10-0AB0,,discontinued 10/04,21.21 SM DO | SM 422 DO 16x DC 20-125V/1.5A
6ES7 431-0HH00-0AB0,,listed,21.22 SM AI | SM 431 AI 16x13Bit
6ES7 431-1KF00-0AB0,,listed,21.22 SM AI | SM 431 AI 8 x 13Bit
6ES7 431-1KF10-0AB0,,listed,21.22 SM AI | SM 431 AI 8 x 14Bit
6ES7 431-1KF20-0AB0,,listed,21.22 SM AI | SM 431 AI 8 x 14Bit
6ES7 431-7QH00-0AB0,,listed,21.22 SM AI | SM 431 AI 16 x 16Bit
6ES7 431-7KF00-0AB0,,listed,21.22 SM AI | SM 431 AI 8 x 16Bit
6ES7 431-7KF10-0AB0,,listed,21.22 SM AI | SM 431 AI 8 x 16Bit
6ES7 432-1HF00-0AB0,,listed,21.23 SM AO | SM432 AO 8 x 13Bit
6ES7155-6BA01-0CN0,,listed,tablo dışı metinde geçiyor (dipnot) - teyit edilmeli
